,Номер,Фамилия Имя,Год рождения,Пол,Вес (кг),Рост (см),Профиль,Уровень,Душевой доход семьи
0,1,Рид Саша,1988,ж,66,168,Хирургия,Пенсионеры,32205.65096745973
2,3,Рид Нико,1998,ж,66,163,Терапия,Работающие,22368.36365073961
3,4,Бувви Валера,1964,ж,67,157,Терапия,Работающие,20806.24400024686
6,7,Скотт Еник,1987,м,71,169,Терапия,Работающие,21796.63859818765
7,8,Рой Валя,1991,ж,74,163,Терапия,Пенсионеры,14697.74951288186
9,10,Купер Валера,1986,ж,62,164,Эндокринология,Учащиеся,30482.06786841694
11,12,Янг Никуша,1963,ж,66,161,Терапия,Работающие,12215.06583396805
12,13,Бувви Мирик,1966,ж,62,161,Стоматология,Работающие,12280.81733219963
13,14,Янг Валя,1998,м,62,179,Терапия,Работающие,23427.75630839672
15,16,Рид Валя,1969,м,66,165,Эндокринология,Учащиеся,15359.58859174481
17,18,Бувви Женя,1964,ж,69,152,Стоматология,Учащиеся,7319.791919106145
18,19,Рой Валя,1987,м,65,154,Терапия,Работающие,3629.441967446495
20,21,Скотт Еник,1979,ж,64,156,Офтальмология,Работающие,43843.89974298177
24,25,Купер Никуша,1985,ж,72,162,Эндокринология,Работающие,48950.37283051994
25,26,Блэр Мирик,1971,м,75,169,Терапия,Работающие,31128.23738860049
26,27,Блэр Саша,1977,м,76,180,Эндокринология,Пенсионеры,35776.64327696087
28,29,Янг Мирик,1967,м,62,184,Терапия,Работающие,26004.15758590478
29,30,Скотт Нико,1968,м,71,183,Терапия,Пенсионеры,9874.120600829006
31,32,Бувви Никуша,1998,м,62,176,Хирургия,Работающие,44145.43017914413
